plate1_move_x(cm)	plate1_move_z(cm)	Coincidence_CosSquaredTheta(/s)	Mean_CosTheta_CosSquaredTheta	Std_CosTheta_CosSquaredTheta	Mean_SolidAngle_CosSquaredTheta(sr)	Std_SolidAngle_CosSquaredTheta(sr)	Mean_CosSquaredTheta_CosSquaredTheta
0.00	10.00	1.9176e-01	9.1415e-01	6.9915e-02	6.9654e-01	6.3062e-02	8.4055e-01
1.00	10.00	1.8947e-01	9.1198e-01	7.1443e-02	6.9186e-01	7.0233e-02	8.3681e-01
2.00	10.00	1.8278e-01	9.0853e-01	7.4297e-02	6.7688e-01	8.6667e-02	8.3095e-01
3.00	10.00	1.7351e-01	9.0222e-01	7.8620e-02	6.5255e-01	1.0553e-01	8.2017e-01
4.00	10.00	1.6230e-01	8.9445e-01	8.4147e-02	6.2019e-01	1.2258e-01	8.0712e-01
5.00	10.00	1.4523e-01	8.8328e-01	9.0531e-02	5.8302e-01	1.3494e-01	7.8837e-01
6.00	10.00	1.3005e-01	8.7294e-01	9.5789e-02	5.3974e-01	1.4293e-01	7.7120e-01
7.00	10.00	1.1492e-01	8.5751e-01	1.0409e-01	4.9471e-01	1.4568e-01	7.4615e-01
8.00	10.00	9.9178e-02	8.3733e-01	1.1068e-01	4.4820e-01	1.4426e-01	7.1337e-01
9.00	10.00	8.5081e-02	8.1801e-01	1.1499e-01	4.0316e-01	1.3838e-01	6.8237e-01
10.00	10.00	6.8657e-02	7.9472e-01	1.1595e-01	3.5753e-01	1.2873e-01	6.4503e-01
11.00	10.00	5.8623e-02	7.6650e-01	1.1823e-01	3.1647e-01	1.1809e-01	6.0150e-01
12.00	10.00	4.7523e-02	7.4396e-01	1.1788e-01	2.7991e-01	1.0641e-01	5.6737e-01
13.00	10.00	3.6829e-02	7.1206e-01	1.1550e-01	2.4479e-01	9.4095e-02	5.2037e-01
14.00	10.00	3.0104e-02	6.7846e-01	1.1188e-01	2.1435e-01	8.2722e-02	4.7282e-01
15.00	10.00	2.4873e-02	6.5099e-01	1.1164e-01	1.8767e-01	7.1921e-02	4.3626e-01
16.00	10.00	1.8947e-02	6.1980e-01	1.0258e-01	1.6431e-01	6.2514e-02	3.9468e-01
17.00	10.00	1.5833e-02	5.8672e-01	9.7826e-02	1.4377e-01	5.3609e-02	3.5381e-01
18.00	10.00	1.2558e-02	5.6382e-01	9.2857e-02	1.2655e-01	4.6275e-02	3.2652e-01
19.00	10.00	1.0266e-02	5.3279e-01	8.3025e-02	1.1164e-01	3.9728e-02	2.9076e-01
20.00	10.00	8.2292e-03	5.1525e-01	8.1532e-02	9.8354e-02	3.4235e-02	2.7213e-01
21.00	10.00	6.4468e-03	4.9209e-01	7.5775e-02	8.7165e-02	2.9612e-02	2.4790e-01
22.00	10.00	5.5671e-03	4.7079e-01	6.9052e-02	7.7725e-02	2.5722e-02	2.2641e-01
23.00	10.00	3.7616e-03	4.4608e-01	6.5629e-02	6.8935e-02	2.2097e-02	2.0329e-01
24.00	10.00	3.3449e-03	4.3357e-01	6.0340e-02	6.1856e-02	1.9350e-02	1.9162e-01
25.00	10.00	3.0093e-03	4.1915e-01	5.6398e-02	5.5407e-02	1.6746e-02	1.7886e-01
26.00	10.00	2.4769e-03	3.9956e-01	5.5325e-02	4.9902e-02	1.4772e-02	1.6271e-01
27.00	10.00	2.0139e-03	3.8675e-01	5.1450e-02	4.4995e-02	1.2944e-02	1.5222e-01
28.00	10.00	1.5509e-03	3.7099e-01	4.9052e-02	4.0739e-02	1.1358e-02	1.4004e-01
29.00	10.00	1.6435e-03	3.5825e-01	4.6952e-02	3.7005e-02	1.0111e-02	1.3055e-01
30.00	10.00	1.0301e-03	3.5019e-01	4.1154e-02	3.3605e-02	8.8911e-03	1.2433e-01
31.00	10.00	1.1111e-03	3.2242e-01	3.9677e-02	3.0659e-02	7.9075e-03	1.0553e-01
32.00	10.00	1.0069e-03	3.1629e-01	3.7205e-02	2.8133e-02	7.0814e-03	1.0142e-01
33.00	10.00	8.3333e-04	3.1652e-01	3.2207e-02	2.5782e-02	6.3033e-03	1.0122e-01
34.00	10.00	8.3333e-04	2.9395e-01	3.2002e-02	2.3715e-02	5.6377e-03	8.7430e-02
35.00	10.00	6.0185e-04	2.8615e-01	3.0024e-02	2.1797e-02	5.0637e-03	8.2782e-02
36.00	10.00	4.2824e-04	2.8330e-01	2.9681e-02	2.0099e-02	4.5562e-03	8.1140e-02
37.00	10.00	4.5139e-04	2.7438e-01	2.6002e-02	1.8626e-02	4.1273e-03	7.5963e-02
38.00	10.00	4.6296e-04	2.7068e-01	2.4359e-02	1.7209e-02	3.7101e-03	7.3862e-02
39.00	10.00	3.4722e-04	2.5959e-01	2.0014e-02	1.5973e-02	3.3662e-03	6.7790e-02
40.00	10.00	3.3565e-04	2.5902e-01	2.0709e-02	1.4850e-02	3.0667e-03	6.7519e-02
41.00	10.00	2.3148e-04	2.5276e-01	1.9245e-02	1.3810e-02	2.7869e-03	6.4257e-02
42.00	10.00	2.5463e-04	2.4018e-01	2.1878e-02	1.2895e-02	2.5531e-03	5.8166e-02
43.00	10.00	1.7361e-04	2.3185e-01	2.3309e-02	1.2048e-02	2.3272e-03	5.4297e-02
44.00	10.00	2.0833e-04	2.3350e-01	1.4719e-02	1.1260e-02	2.1321e-03	5.4738e-02
45.00	10.00	1.5046e-04	2.3365e-01	2.2218e-02	1.0554e-02	1.9589e-03	5.5087e-02
46.00	10.00	1.5046e-04	2.2167e-01	1.5918e-02	9.8792e-03	1.8001e-03	4.9393e-02
47.00	10.00	1.5046e-04	2.1499e-01	1.8614e-02	9.3010e-03	1.6596e-03	4.6568e-02
48.00	10.00	1.6204e-04	2.1161e-01	1.8339e-02	8.7432e-03	1.5261e-03	4.5115e-02
49.00	10.00	1.7361e-04	1.9989e-01	1.9957e-02	8.2195e-03	1.4090e-03	4.0355e-02
50.00	10.00	1.1574e-04	2.0200e-01	1.1353e-02	7.7545e-03	1.3046e-03	4.0932e-02
0.00	32.50	2.9352e-02	9.8544e-01	1.2029e-02	9.0473e-02	1.2580e-03	9.7123e-01
1.00	32.50	2.9190e-02	9.8490e-01	1.2267e-02	9.0357e-02	1.4230e-03	9.7017e-01
2.00	32.50	2.8345e-02	9.8439e-01	1.3368e-02	9.0015e-02	1.8336e-03	9.6920e-01
3.00	32.50	2.8970e-02	9.8233e-01	1.5058e-02	8.9449e-02	2.3523e-03	9.6521e-01
4.00	32.50	2.8021e-02	9.7980e-01	1.7200e-02	8.8634e-02	2.9012e-03	9.6030e-01
5.00	32.50	2.7940e-02	9.7643e-01	1.9340e-02	8.7627e-02	3.4336e-03	9.5380e-01
6.00	32.50	2.7477e-02	9.7246e-01	2.1954e-02	8.6459e-02	3.9418e-03	9.4616e-01
7.00	32.50	2.6262e-02	9.6787e-01	2.4457e-02	8.5052e-02	4.4557e-03	9.3738e-01
8.00	32.50	2.5926e-02	9.6314e-01	2.6438e-02	8.3493e-02	4.9046e-03	9.2834e-01
9.00	32.50	2.6019e-02	9.5615e-01	2.9659e-02	8.1800e-02	5.3117e-03	9.1510e-01
10.00	32.50	2.4074e-02	9.4951e-01	3.1636e-02	7.9966e-02	5.6700e-03	9.0257e-01
11.00	32.50	2.2604e-02	9.4185e-01	3.3331e-02	7.8017e-02	5.9610e-03	8.8819e-01
12.00	32.50	2.2500e-02	9.3489e-01	3.5542e-02	7.5897e-02	6.2213e-03	8.7528e-01
13.00	32.50	2.0660e-02	9.2644e-01	3.7231e-02	7.3821e-02	6.4333e-03	8.5967e-01
14.00	32.50	2.0822e-02	9.1910e-01	3.7742e-02	7.1573e-02	6.5687e-03	8.4617e-01
15.00	32.50	1.8715e-02	9.0991e-01	3.9644e-02	6.9342e-02	6.6767e-03	8.2950e-01
16.00	32.50	1.7801e-02	8.9877e-01	4.2104e-02	6.7016e-02	6.7417e-03	8.0956e-01
17.00	32.50	1.7384e-02	8.9110e-01	4.1786e-02	6.4737e-02	6.7695e-03	7.9581e-01
18.00	32.50	1.5995e-02	8.7924e-01	4.3151e-02	6.2370e-02	6.7486e-03	7.7493e-01
19.00	32.50	1.4988e-02	8.6785e-01	4.5277e-02	6.0075e-02	6.6835e-03	7.5521e-01
20.00	32.50	1.3935e-02	8.5739e-01	4.4533e-02	5.7840e-02	6.6270e-03	7.3710e-01
21.00	32.50	1.3148e-02	8.4883e-01	4.6248e-02	5.5581e-02	6.4960e-03	7.2266e-01
22.00	32.50	1.2384e-02	8.3539e-01	4.6769e-02	5.3380e-02	6.3568e-03	7.0007e-01
23.00	32.50	1.1771e-02	8.2766e-01	4.6047e-02	5.1170e-02	6.2289e-03	6.8714e-01
24.00	32.50	1.1007e-02	8.1325e-01	4.6700e-02	4.9074e-02	6.0601e-03	6.6356e-01
25.00	32.50	1.0035e-02	8.0164e-01	4.5990e-02	4.7046e-02	5.8597e-03	6.4474e-01
26.00	32.50	9.2130e-03	7.9227e-01	4.6310e-02	4.5003e-02	5.7027e-03	6.2983e-01
27.00	32.50	8.6227e-03	7.8177e-01	4.4808e-02	4.3067e-02	5.5168e-03	6.1318e-01
28.00	32.50	8.6343e-03	7.7046e-01	4.5517e-02	4.1212e-02	5.3099e-03	5.9567e-01
29.00	32.50	7.2801e-03	7.5675e-01	4.4666e-02	3.9390e-02	5.1109e-03	5.7467e-01
30.00	32.50	7.3148e-03	7.4488e-01	4.4549e-02	3.7707e-02	4.9202e-03	5.5683e-01
31.00	32.50	7.0255e-03	7.3439e-01	4.4907e-02	3.6023e-02	4.7090e-03	5.4134e-01
32.00	32.50	5.7060e-03	7.2734e-01	4.1823e-02	3.4378e-02	4.5026e-03	5.3077e-01
33.00	32.50	5.4167e-03	7.1083e-01	4.2352e-02	3.2939e-02	4.3088e-03	5.0708e-01
34.00	32.50	5.2431e-03	6.9995e-01	4.1626e-02	3.1434e-02	4.1344e-03	4.9167e-01
35.00	32.50	5.0116e-03	6.9758e-01	3.9595e-02	3.0048e-02	3.9554e-03	4.8819e-01
36.00	32.50	4.6875e-03	6.8306e-01	4.1201e-02	2.8696e-02	3.7752e-03	4.6827e-01
37.00	32.50	4.0509e-03	6.7334e-01	3.9716e-02	2.7431e-02	3.5804e-03	4.5496e-01
38.00	32.50	4.0856e-03	6.6331e-01	3.8504e-02	2.6224e-02	3.4162e-03	4.4146e-01
39.00	32.50	3.2755e-03	6.5230e-01	4.0181e-02	2.5074e-02	3.2642e-03	4.2711e-01
40.00	32.50	3.3218e-03	6.3915e-01	4.1617e-02	2.3961e-02	3.1015e-03	4.1024e-01
41.00	32.50	3.1944e-03	6.3358e-01	3.8221e-02	2.2926e-02	2.9569e-03	4.0289e-01
42.00	32.50	2.9861e-03	6.2225e-01	3.7657e-02	2.1894e-02	2.8109e-03	3.8861e-01
43.00	32.50	2.8704e-03	6.1483e-01	3.6562e-02	2.0967e-02	2.6697e-03	3.7936e-01
44.00	32.50	2.4306e-03	6.0682e-01	3.5329e-02	2.0073e-02	2.5427e-03	3.6948e-01
45.00	32.50	2.0833e-03	5.9640e-01	3.4306e-02	1.9200e-02	2.4203e-03	3.5687e-01
46.00	32.50	2.2685e-03	5.8985e-01	3.4556e-02	1.8376e-02	2.3088e-03	3.4912e-01
47.00	32.50	2.0370e-03	5.7291e-01	3.4557e-02	1.7602e-02	2.1820e-03	3.2942e-01
48.00	32.50	1.7593e-03	5.7020e-01	3.0730e-02	1.6866e-02	2.0837e-03	3.2608e-01
49.00	32.50	1.7245e-03	5.6081e-01	3.0262e-02	1.6150e-02	1.9757e-03	3.1542e-01
50.00	32.50	1.9792e-03	5.5307e-01	2.9989e-02	1.5486e-02	1.8774e-03	3.0678e-01
0.00	45.00	1.5856e-02	9.9223e-01	6.4760e-03	4.8206e-02	3.6144e-04	9.8456e-01
1.00	45.00	1.5984e-02	9.9174e-01	6.8613e-03	4.8169e-02	4.1271e-04	9.8359e-01
2.00	45.00	1.6053e-02	9.9136e-01	7.7041e-03	4.8072e-02	5.2989e-04	9.8286e-01
3.00	45.00	1.6586e-02	9.8992e-01	8.7016e-03	4.7899e-02	6.8700e-04	9.8001e-01
4.00	45.00	1.5868e-02	9.8892e-01	9.6443e-03	4.7669e-02	8.4823e-04	9.7805e-01
5.00	45.00	1.5787e-02	9.8698e-01	1.0792e-02	4.7378e-02	1.0189e-03	9.7424e-01
6.00	45.00	1.6169e-02	9.8386e-01	1.2790e-02	4.7010e-02	1.1849e-03	9.6815e-01
7.00	45.00	1.4815e-02	9.8143e-01	1.3725e-02	4.6598e-02	1.3438e-03	9.6340e-01
8.00	45.00	1.4745e-02	9.7796e-01	1.5892e-02	4.6113e-02	1.5066e-03	9.5665e-01
9.00	45.00	1.4699e-02	9.7495e-01	1.6691e-02	4.5595e-02	1.6424e-03	9.5080e-01
10.00	45.00	1.4074e-02	9.7092e-01	1.8380e-02	4.5006e-02	1.7928e-03	9.4302e-01
11.00	45.00	1.3345e-02	9.6640e-01	1.9886e-02	4.4384e-02	1.9060e-03	9.3433e-01
12.00	45.00	1.3299e-02	9.6194e-01	2.1083e-02	4.3708e-02	2.0406e-03	9.2578e-01
13.00	45.00	1.3542e-02	9.5672e-01	2.2976e-02	4.3003e-02	2.1375e-03	9.1585e-01
14.00	45.00	1.2373e-02	9.5213e-01	2.4268e-02	4.2241e-02	2.2355e-03	9.0713e-01
15.00	45.00	1.2836e-02	9.4730e-01	2.3579e-02	4.1489e-02	2.3230e-03	8.9794e-01
16.00	45.00	1.1412e-02	9.3901e-01	2.5513e-02	4.0673e-02	2.3972e-03	8.8238e-01
17.00	45.00	1.1539e-02	9.3388e-01	2.5999e-02	3.9823e-02	2.4586e-03	8.7281e-01
18.00	45.00	1.0787e-02	9.2849e-01	2.7707e-02	3.8992e-02	2.5164e-03	8.6287e-01
19.00	45.00	1.0972e-02	9.1981e-01	2.8086e-02	3.8111e-02	2.5508e-03	8.4684e-01
20.00	45.00	1.0718e-02	9.1397e-01	2.9497e-02	3.7245e-02	2.5884e-03	8.3621e-01
21.00	45.00	1.0035e-02	9.0769e-01	2.9904e-02	3.6340e-02	2.6029e-03	8.2480e-01
22.00	45.00	9.9306e-03	9.0012e-01	3.0799e-02	3.5426e-02	2.6251e-03	8.1116e-01
23.00	45.00	9.2940e-03	8.9383e-01	3.1414e-02	3.4538e-02	2.6250e-03	7.9991e-01
24.00	45.00	8.3333e-03	8.8371e-01	3.1479e-02	3.3623e-02	2.6198e-03	7.8194e-01
25.00	45.00	9.1551e-03	8.7720e-01	3.3317e-02	3.2707e-02	2.6102e-03	7.7060e-01
26.00	45.00	7.9745e-03	8.7031e-01	3.1147e-02	3.1837e-02	2.5943e-03	7.5841e-01
27.00	45.00	7.9514e-03	8.6108e-01	3.3901e-02	3.0931e-02	2.5688e-03	7.4261e-01
28.00	45.00	6.7014e-03	8.5306e-01	3.3119e-02	3.0058e-02	2.5457e-03	7.2881e-01
29.00	45.00	6.7361e-03	8.4432e-01	3.3532e-02	2.9183e-02	2.5119e-03	7.1400e-01
30.00	45.00	6.3773e-03	8.3631e-01	3.5038e-02	2.8318e-02	2.4729e-03	7.0064e-01
31.00	45.00	5.9144e-03	8.2996e-01	3.5220e-02	2.7478e-02	2.4323e-03	6.9008e-01
32.00	45.00	5.7176e-03	8.1772e-01	3.4463e-02	2.6651e-02	2.3817e-03	6.6985e-01
33.00	45.00	6.1227e-03	8.1129e-01	3.5571e-02	2.5840e-02	2.3373e-03	6.5945e-01
34.00	45.00	5.6944e-03	8.0426e-01	3.4418e-02	2.5041e-02	2.2776e-03	6.4802e-01
35.00	45.00	5.2894e-03	7.9788e-01	3.5738e-02	2.4265e-02	2.2289e-03	6.3789e-01
36.00	45.00	4.9074e-03	7.8816e-01	3.2965e-02	2.3510e-02	2.1734e-03	6.2228e-01
37.00	45.00	4.4676e-03	7.8251e-01	3.4847e-02	2.2775e-02	2.1178e-03	6.1354e-01
38.00	45.00	4.2477e-03	7.6880e-01	3.3767e-02	2.2037e-02	2.0614e-03	5.9220e-01
39.00	45.00	3.6690e-03	7.6192e-01	3.1317e-02	2.1330e-02	2.0093e-03	5.8150e-01
40.00	45.00	3.9583e-03	7.5472e-01	3.2779e-02	2.0643e-02	1.9558e-03	5.7067e-01
41.00	45.00	3.7037e-03	7.4453e-01	3.1114e-02	1.9973e-02	1.8914e-03	5.5530e-01
42.00	45.00	3.3102e-03	7.3834e-01	3.0283e-02	1.9327e-02	1.8392e-03	5.4607e-01
43.00	45.00	2.8588e-03	7.2939e-01	3.2102e-02	1.8709e-02	1.7859e-03	5.3303e-01
44.00	45.00	3.4722e-03	7.2068e-01	3.3614e-02	1.8101e-02	1.7255e-03	5.2050e-01
45.00	45.00	2.8472e-03	7.1345e-01	3.0595e-02	1.7508e-02	1.6686e-03	5.0995e-01
46.00	45.00	2.8356e-03	7.0710e-01	3.2089e-02	1.6935e-02	1.6179e-03	5.0102e-01
47.00	45.00	2.5347e-03	6.9974e-01	3.0949e-02	1.6387e-02	1.5640e-03	4.9060e-01
48.00	45.00	2.8588e-03	6.8976e-01	2.9902e-02	1.5859e-02	1.5097e-03	4.7666e-01
49.00	45.00	2.4537e-03	6.8238e-01	3.0838e-02	1.5333e-02	1.4641e-03	4.6660e-01
50.00	45.00	2.1296e-03	6.7833e-01	2.7894e-02	1.4850e-02	1.4134e-03	4.6091e-01
200	45	1.5856e-02	0.0000e+00	6.4760e-03	4.8206e-02	3.6144e-04	9.8456e-01
200	45	1.5856e-02	0.0000e+00	6.4760e-03	4.8206e-02	3.6144e-04	9.8456e-01